{
  "metrics": {
    "pnl_realized": 0.0,
    "pnl_unrealized": 0.3896756000000606,
    "drift_score": 0.0,
    "policy_confidence": 0.0,
    "order_fill_ratio": 0.0,
    "venue_latency_ms": 0.0,
    "account_equity_usd": 3064.026469185999,
    "cash_usd": 3063.636793585999,
    "gross_exposure_usd": 431.84548960000006
  },
  "ts": 1760573792.9704192
}